classe,texte
0,Points de passage km alt
0,mondiale les cirques français associèrent
1,ruisseau qui tombe en cascade
0,une des bornes de commande
1,du col partir droite dans
1,rejoint le parking cité plus
0,musique le cirque et les
1,rapidement une petite route communale
1,Le sentier est relativement bien
1,prendre le sentier de droite
0,De nombreuses églises anglo saxonnes
0,La balise J1 est de
1,de grands lacets et suit
1,Suivre ce sentier sur 500m
0,un nouveau passage délicat équipé
0,comme un balcon ou une
1,gauche la ruelle balisage jaune
0,Un belvédère baroque typique est
0,du terme origine italienne belvédère
0,itinéraire de montée pour revenir
0,et les bornes impaires sur
0,industrie des circuits intégrés standards
0,ainsi les brèches en milieu
0,La pente longitudinale maximum est
0,rapport au pic de 2006
1,Accéder au parking depuis la
0,accolée au bâtiment avec en
0,garde ne pas rater le
0,est la gare de bifurcation des deux
0,skiables pour accéder des belvédères
1,rejoindre le parking Points de
0,appelé également circuit des belvédères
1,par la route Points de
0,de la bifurcation laisserait prévoir
1,ou couper pistes de ski les pistesdeski
1,sortant du parking prendre le
1,le deuxième chemin le premier
1,Le bâtiment présente trois façades
1,et viser église pour rejoindre
0,pratique du boulevard en urbanisme
1,et un couloir de bus
0,depuis son arche pour savoir
1,réservoir la piste qui part
1,La pente accentue le chemin
0,sur les balcons loggias ou
1,rependre un sentier NE qui
1,sous des lignes haute tension
0,De nombreux bâtiments sont construits
1,droite le sentier qui par
1,fait des brèches ses murs
1,entre les maisons en pierres
0,mardi donc pas de stationnement
0,ouvriers et cols blancs se
1,de la route dans un
1,longeant le déversoir des lacs par des
1,monte en lacets courts jusqu
1,le même sentier qu la
1,ensuite un sentier presque constamment
0,éliminé les cirques utilisant des
0,intérêt de balises de virage
1,En arrivant Superdévoluy dans le
0,Un chemin de fer crémaillère
0,le même chemin qu la
0,nom un chalet et un
0,Porte en bois sculptée avec
1,Deux bornes milliaires gallo romaines
1,combe le chemin devient un
1,part gauche travers les rochers
0,surface et un parking ouvrage
0,de la descente effectue par
1,présente plusieurs belvédères offrant autant
1,face le chemin qui monte
0,vitrées et des balcons surélevés
0,points isolés tels les belvédères
0,forme une arche moderne aux
0,fabriquer des cabanes soit pour
0,styles en cascade commence dès
0,de plusieurs balcons autour un
0,des anciens boulevards était pas
1,le vrai sommet 3163m offre
1,randonnée se fait par le
0,accéder un belvédère ou un
0,servi de borne frontière la pierre
1,et une brèche un angle
1,arbore une croix blanche comme
1,même chemin jusqu au carrefour
1,de ce chalet quitter la
1,au bout de la route
0,présence de panneaux de randonnée
1,conduire jusqu une route 10
1,Arrivé une intersection rester sur
0,titre de boulevard ne sont
1,visible du parking qui part
0,une ou plusieurs bifurcations esthétiques
1,une courte descente dans une
1,dans la pente en direction
1,rapidement en sentier pour desservir
1,quelques bois jusqu au parking
1,sur une passerelle pour enjamber
0,noms de cabane et baraque
1,dénivelé pour carrefour de montée le carrefourdemontée
0,où les cimetières regorgent de
1,chemin carrossable jusqu la première
0,progressive mais pas trop prononcée
1,traversant quelques bois jusqu au
1,Du lac rependre un sentier
1,ignorer le sentier droite et
1,Traverser la route pour prendre
0,ou sans barrières gardé ou
1,par des lacets la dernière
1,bout du lac où part
0,nom de boulevard alors qu
0,et le circuit de régulation
0,mode des cabanes dans les
0,plantes vivaces bassins et plantes
0,La barre de 10 étages
1,sur cette route en ignorant
1,continuer en rive droite du
1,forment des bassins versants indépendants
0,toit faibles pentes dépasse de
0,avec des arches de soutènement
0,signalisation des bifurcations en particulier
0,ouverture des chemins de fer
1,par le chemin bien visible
0,tension aux bornes de chaque
0,sous ou sur le bâtiment
1,alors le sentier qui part
1,supportant le balcon du premier
1,une riche bambouseraie le jardin
1,la première épingle et prendre
0,des milliers églises dont 200
0,Sur un circuit automobile les
0,ou une arche naturelle sculptée
1,et passer sous le téléski
1,direction du parc puis tout
1,niveau un lavoir suivre la
0,installera une passerelle vélo de
1,un petit parking où nous
0,est un bâtiment construit en
0,pour ne pas fâcher certains
1,droite et traverser le parking
0,Points de passage km alt
1,sur le lac longer la
1,Nord la route forestière goudronnée
1,Passer alors rive gauche et
0,sur le trajet remarquer les
1,le sentier flanc de montagne qui passe
0,Le chalet est un bâtiment
1,Sud du foyer de ski
0,du haut de la balise
1,une deuxième balise que on
1,rejoindre le parking Points de
0,passant la barre des 30
1,toujours en direction du belvédère
1,suivant la route on va
0,évolutions en cascades dans les
1,puis au parking Points de
0,Un balcon de italien balcone
1,un petit col entre les
0,une bornefrontière borne frontière une borne
1,Prendre le chemin droite en
1,Franchir le col et descendre
0,No 64 balcon du second
1,une légère montée rejoint le
0,suite les barres furent constituées
0,nom de torrent est bien
1,bordée de maison construites en
1,arrivé au sommet gauche il
1,Longer la route toujours dans
1,un bon sentier régulier et
1,Au premier embranchement continuer droite
0,édification du bâtiment contenant la
0,sont des bifurcations oscillantes comme
0,en appartements et mini chalets
0,parisiens dernier rempart avant le
1,la petite route qui démarre
0,ne comporterait pas de croisement
0,Points de passage km alt
1,dans le chemin travers une
1,passer un chemin droite pour
0,suite les barres furent constituées
1,terrains de camping dont un
0,couloirs un bassin apprentissage et
0,Des bornes appel urgence BAU
1,le même chemin jusqu au
1,inverse jusqu au carrefour précédent
1,Prendre le sentier de gauche
0,brevet de chemin de fer
0,Un boulevard le même rôle
1,Atteindre le col entre les
0,et de passerelles de circulation
0,origine 22 arches il en
0,boulevards était pas terminée en
0,et les bornes impaires sur
0,et des chalets en location
1,prendre le chemin en face
0,Staffel premier chemin de fer
0,et de bornes automatiques de
1,emblème du bassin et constituent
1,visible tout comme le col
1,sur la piste et passer
0,enregistrant son pic de population
0,de la pente et de
0,la bifurcation repérée la montée
0,Ce bâtiment hémisphérique colonnades comprend
1,ignorer le sentier en face
0,de la barre de 10
1,droite et suivre le chemin
0,tel aboutira pas en tant
1,en pleine pente sur des
0,provençal cabana cabane chaumière lui
1,par une brèche ouverte dans
0,section doublée pour le croisement
0,styles en cascade avec en
1,fond du parking grimper en
1,laissant le chemin de droite
1,la prochaine fourche virer sur
1,fond du vallon pour retrouver
0,démarrage en côte pour empêcher
1,Parvenir au col croisement avec
1,direction de église puis prendre
1,suivre le sentier en versant
1,la montée vers le sommet
0,ensemble de boulevards urbains possédant
0,ne peut pas les protéger
0,de sentier pas tout fait
1,pour aboutir un carrefour en
0,dans quelques églises du même
1,face une rue qui monte
1,la droite embranchement et poursuivre
1,un autre chemin orienté au
1,de nombreux lacets jusqu passer
0,emplacements de camping disponibles pour
0,dépourvues de bassins faute de
1,au dessus de la route
1,suivre le chemin carrossable jusqu
1,Rouge ce sentier chemine dans
0,fonds de cabanes des pierres
1,un excellent chemin qui est
0,Le chemin de fer crémaillère
0,panneau en bois indique plus
1,ignorer le sentier de droite
0,Points de passage km alt
0,construite en belvédère au bord
1,Rejoindre le carrefour un large
0,la tendinite patte d'oie la patte
0,Points de passage km alt
0,de la cascade du plongeon
0,via un circuit complexe de
1,prendre le sentier NW qui
0,nombre important églises notamment dans
1,Ce château agrandi par les
1,dans un chemin bien marqué
1,et redescendre rive droite en
1,de la pente une partie
0,types de brèches une brèche
1,rejoindre un chemin de terre
1,gauche le sentier de aller
1,au premier carrefour pour prendre
0,même chemin qu la montée
1,arbre un panneau en bois
1,Les bâtiments remarquables et lieux
1,là le sentier élargit jusqu
1,retrouve 17 campings dans la
1,aperçoit la route et un
0,lors des croisements le côté
0,sera le chemin de retour
0,La balise est alors dénommée
1,prendre le chemin du milieu
1,entre deux maisons balisage Jaune
1,devant le camping et rejoindre
1,par les pistes et rejoindre
0,bloquerait les carrefours environnants par
0,chemin bien tracé se dirige
0,sur ses pas jusqu aux
0,Québec le boulevard comprend souvent
1,quitter la route pour emprunter
0,algorithme favorisera apparition des bifurcations
1,Parvenir un col carrefour de
0,et de bâtiments recevant du
0,articulaire le col rétrécissement la
1,une petite route non loin
0,Résultant du croisement entre des
1,Au carrefour un poteau indicateur
1,piste qui part en forêt
1,un petit parking gauche de
0,voient un pic occurrences de
1,prendre la pente gauche indiquée
1,sur le sentier on traverse
0,de vastes chalets en maçonnerie
0,de route entre deux croisement
0,tourner la barre de torsion
0,forme de croix orienté nord
0,sculptures et balcons ouvragés la
0,Les balises de type et
0,Un boulevard est une voie
0,que les bassins britanniques sont
1,pour retrouver un nouveau carrefour
1,jusqu aux bâtiments de l'observatoire de observatoire
0,paroisses et églises proposent ces
0,sont des bifurcations qui mènent
1,Le sentier va élever pour
0,absence de circuit négatifs et
0,entre des bâtiments ou établis
1,Depuis le belvédère de la
0,la simple barrière manuelle au
1,sur le sentier principal puis
0,pièce en bois et voerk
0,et moulures balcons larges fenêtre
1,Depuis le parking prendre plein
1,un petit abri avec une
0,Moncontour des chapelles anciennes des
1,Un petit camping permettant un
1,part un sentier qui monte
1,et poursuivre sur le chemin
0,styles en cascade débute dès
0,ils avaient pas habitude de
1,abord en forêt sentier en
0,se visitent chapelles fours autres
0,Les cascades et gags imaginés
1,droite du lac et suivre
0,traction des barres acier armatures
0,théorie des bifurcations consiste classer
0,avec des balcons en bois
0,la partie patte d'oie interne du
0,morts certains cimetières accueillent également
0,basses du pic central dans
1,de neuf arches en fonte
1,dans le chemin sous les
0,Bosquets première barre de 10
0,par des barres individuelles ou
0,de cette gare de bifurcation pour la
0,dès lors boulevard tout axe
0,dans les arches du bâtiments
0,juin ou cirque en marche
0,sur ses pas pour une
1,puis le sentier devient moins
0,rapidement la barre des 100
1,Le sentier marqué sur la
1,dans un sentier devenu plus
0,les deux arches pour en
1,ou deux lacets et parvenir
0,existe un circuit absorbant et
0,théorie des bifurcations en mathématiques
1,une faible pente en forêt
0,largeur des chemins était souvent
1,passer un chemin droite pour
0,ne faut pas se laisser
0,ou un bâtiment spécifiquement aménagé
1,puis le chemin devient herbeux
1,Se garer parking de la mairie parkingdelamairie +
0,vieillissants des barres de maintien
1,et le parking de départ
1,atteindre le stade de biathlon
0,que des balcons effondrent blessant
0,La montée est progressive via
0,aperçoit une croix chrétienne autour
1,bâtiments de arrivée du téléphérique
0,comparé au pic des dollars
0,poteaux en bois et mu
1,dernier rempart avant le sommet
1,sur le sentier qui démarre
0,que les cirques français motorisèrent
1,jusqu au chalet abri visible
0,organiser des circuits de distributions
0,Points de passage km alt
0,trouver un passage en essayant
1,rouge ce sentier chemine dans
1,sur le sentier gauche en
1,par cette piste balisée pr
0,cas un déversoir libres les
1,jusqu un carrefour au lieu
0,dont sept barres de 10
0,et les bornes Wi Fi
0,plus de balises ni attributs
1,maintenant ce très bon chemin
0,et les boulevards sont détruits
1,fois au col ignorer le
0,1977 le bâtiment du poste
0,ailleurs un bassin et un
1,de ces boulevards est parcourue
1,facilement le chemin jusque dans
1,le gros carrefour prendre gauche
1,béton côté route il pas
1,loin des bâtiments de arrivée
1,rejoindre le sentier plus marqué
0,souvent modélisé aide de barres
0,une discipline carrefour Jacqueline Bonnamour
1,prendre la route direction Gève
0,nombreux hauts bâtiments devraient voir
1,prendre le chemin en direction
1,entre pierriers bois et prés
0,loup La bambouseraie Des bambous
0,installer un chalet si sa
0,côté des bâtiments publics gare
0,relations on barre ce symbole
1,forêt en montée progressive mais
1,Emprunter le chemin assez bien
0,également des cabanes en pierre
0,occupé par église qui installe
0,les appeler chalets vu leur
0,sortes de brèches tectoniques suivant
0,route il pas de circulation
0,augmentation des bornes automatiques de
0,Champerret est pas commencée en
1,vestiges du canal et emmène
0,un grand parking intérêt régional
0,Les chapelles les plus aimées
1,atteindre la passerelle sur la
0,confère la croix de Chevalier
0,ils occupent pas emplacement anciennes
1,démarre derrière poste de transformation postedetransformation EDF
0,Les bornes appel sont toutes
1,dans la forêt et descend
0,ou deux barres permettant de
0,altitude le belvédère concrétise sur
1,puis le sentier devient moins
1,accentue le chemin est bien
0,de la cascade mais Gil
0,Les églises sont très fréquentées
1,Passer une première passerelle +
0,banquettes en bois ne transportaient
1,suivre le chemin de droite
0,gare de bifurcation des deux
0,rencontrée la montée WP2 puis
1,prendre la ruelle gauche traverser
0,Points de passage km alt
0,terrasse au camping ou pour
0,les animaux sauvages des cirques
1,le petit sentier qui démarre
1,sur la piste passer les
1,carrefour un large chemin herbeux
1,dessus du bâtiment du service
0,Le mot boulevard dans son
1,droite du torrent jusqu le
1,niveau du réservoir la piste
0,m2 de bois et assemblé
0,ne constituerait pas une fracture
1,compte onze cimetières Rome dont
0,de transport ou la pente
0,de la pente lors de
0,les pointes de son col
0,tenu aux bifurcations et croisées
1,niveau un chalet de service
1,ces deux bâtiments ont été
1,sur un sentier étroit et
1,Le chemin bien tracé se
0,spécifiques Les balcons sont parfois
0,sont des cabanes usage habitation
0,porteurs des passerelles suspendues primitives
0,Démolition une barre de 80
0,Paris Le camping accueille deux
0,points isolés tels les belvédères
1,gauche une rue qui redescend
0,Points de passage km alt
0,nombre de bâtiments lui offrent
0,cours le nom de boulevard
0,bout du lac où part
0,des vieux chalets alpage existants
1,traverser le ruisseau pour trouver
0,Les bifurcations de dédoublement de
0,est le chemin de retour
1,sur le parking situé proximité
0,jalonnée de bornes milliaires placées
1,les grandes pentes qui conduisent
1,puis la route qui passe
1,la route dans un virage
1,de la cabane et commencer
1,flanc hors sentier pour rejoindre
1,de la cabane partir gauche
1,Un panneau retrace cet accident
0,réaliser tous les collets possibles
0,ils avaient pas habitude de
1,dans une pente régulière sur
0,danse de cirque humour et
1,longer le cimetière et rejoindre
1,devant le site escalade sur
0,cœur de circuits touristiques Pons
1,La borne milliaire la plus
1,Attention le marché hebdomadaire est
0,trous de routes ou chemins
0,existence un circuit négatif se
0,style en cascade est dire
0,de 26 arches dont 19
1,longer la forêt sur 100m
0,Cette barrière psychologique se traduit
1,Le sentier est bien balisé
1,ce même sentier pour passer
1,rejoindre la station passer devant
0,seulement quelques bornes appel du
1,passer le pont gauche mais
0,universel signifiant parking est un
0,sont des passerelles piétonnes et
1,suivre les cairns qui partent
1,la dernière pente qui constitue
1,Du parking entrer dans le
1,de la station et passer
0,Les balises J1 doivent couvrir
1,car le plateau est très
1,partir un chemin gauche et
1,chalet abri visible du carrefour
0,surtout ne pas continuer sur
0,fond du bassin le lavoir
0,fois la route est jamais
1,régulière sur un sentier caillouteux
1,dessus du parking repérer les
0,avec un pic de 1000
1,gauche des lacs pour passer
1,pour le parking semi enterré
0,plus vieilles bambouseraies de France
0,La barre des 720 000
0,temps de parcours nécessaires avant
1,ignorant la route qui part
1,nouveau le chemin de droite
1,Atteindre un carrefour + +
1,aller au parking de départ
1,prendre la trace flanc de
0,dont la borne supérieure atteint
1,gauche le chemin grimpe tranquillement
0,mouvement de terrain gauche en
1,Douze grandes avenues rectilignes débouchent
0,même sentier qu la montée
0,incliné et chemin de fer
1,puis la bifurcation repérée la
0,les mêmes circuits que les
0,déploie les bornes de commande
1,du lac retourner la cabane
1,olympiques des bassins ludiques et
1,Sud sur le chemin enherbé
1,Poursuivre le chemin au dessus
1,direction de la zone artisanale
1,Laisser un chemin gauche continuer
0,priorité aux carrefours comportant des
1,dans la forêt en montée
1,puis prendre la route droite
0,remplacement une barre ou un
1,par la voie empierrée en
0,gravir des pentes jusqu 48
1,un autre chemin orienté au
0,par des circuits expresses comportant
0,Points de passage km alt
1,et poursuivre sur le chemin
1,par le château pour rejoindre
0,Le pic de fréquentation journalière
0,dans des chapelles comme en
0,nombre des arches sept au
1,un nouveau carrefour de sentiers
0,monter des pentes de 50
0,ultérieurement par le boulevard périphérique
0,de ne pas trop suivre
0,Les passerelles ont une position
1,ci redescendre sur la route
1,stationnement un bâtiment au sud
0,finalement la cascade poussé par
0,est toutefois pas considérée comme
1,deux nouveaux cols jusqu au
1,rejoindre le parking et le
1,sur le plateau non loin
1,dans le bois en longeant
1,les même cairns ou par
1,Emprunter la passerelle poursuivre rive
0,altitude les chalets alpage sont
0,détournés des circuits officiels de
1,sur le sentier marqué sur
1,Parvenir un carrefour de sentiers carrefourdesentiers +
1,au Bourg et son pont
0,ou de borne fontaine en
0,progresser sans sentier dans une
